{"version": 1, "reader_version": 1, "large_format": false, "spatial_calibrations": [{"offset": -178.0, "scale": 1.390625, "units": "nm"}, {"offset": -178.0, "scale": 1.390625, "units": "nm"}], "intensity_calibration": {"offset": 0.0, "scale": 1.0, "units": ""}, "collection_dimension_count": 0, "datum_dimension_count": 2, "metadata": {"instrument": {"high_tension": 60000.0, "defocus": -3.8015478831491407e-07, "ImageScanned": {"C1 ConstW": 0.342, "EHT": 60000.0, "PMTBF_gain": 16000.0, "PMTDF_gain": 160000.0, "S_EELS": 4.0, "StageOutA": 0.0, "StageOutB": 0.0, "StageOutX": 9.910928231022168e-05, "StageOutY": 1.840555832704915e-05, "StageOutZ": -0.00012717243518266299, "C10": -3.8015478831491407e-07, "C12.a": -3.5441241585394893e-09, "C12.b": 2.417294985758073e-09, "C21.a": -8.889884555823243e-08, "C21.b": -5.835778421290052e-08, "C23.a": 1.8915920777873395e-08, "C23.b": -7.996147126366394e-08, "C30": 2.6063128064665024e-05, "C32.a": 1.1428862532416385e-05, "C32.b": -5.112664184882284e-06, "C34.a": 2.1488776433039754e-05, "C34.b": -1.1113189657743712e-05, "C41.a": 0.00013498742968908692, "C41.b": 8.861270631562574e-05, "C43.a": -4.308399355425149e-05, "C43.b": 0.00018212486470877846, "C45.a": -0.00010400375725608286, "C45.b": -9.050548028402894e-06, "C50": 0.001255200679287367, "C52.a": -0.002250705750346667, "C52.b": -0.00396597162847591, "C54.a": -0.0044556585303283935, "C54.b": -0.0007693371105182429, "C56.a": -0.004407935528987914, "C56.b": -0.0002297586632186491}}, "scan": {"hardware_source_id": "superscan", "hardware_source_name": "SuperScan", "scan_id": "a4b0bf3a-9dcc-44e5-95db-59c6823451b4", "center_x_nm": 0.0, "center_y_nm": 0.0, "fov_nm": 356.0, "rotation": 0.05235987755982988, "rotation_deg": 3.0, "scan_context_size": [256, 256], "scan_size": [256, 256], "scan_device_parameters": {"size": [256, 256], "center_nm": [0.0, 0.0], "pixel_time_us": 128.0, "fov_nm": 356.0, "rotation_rad": 0.05235987755982988, "external_clock_wait_time_ms": 20000, "external_clock_mode": 0, "external_scan_mode": 0, "external_scan_ratio": 1.0, "ac_line_sync": true, "ac_frame_sync": true, "flyback_time_us": 30}, "scan_device_properties": {"ac_line_sync": 1.0, "calibration_style": "space", "center_x_nm": 0.0, "center_y_nm": 0.0, "flyback_time_us": 254.0, "fov_nm": 356.0, "line_time_us": 32766.0, "pixel_time_us": 127.0, "pixels_x": 256.0, "pixels_y": 256.0, "requested_pixel_time_us": 127.999999676831, "rotation_deg": 3.0, "rotation_rad": 0.0523598775598299, "mag_boards": {"MagBoard 0 DAC 0": 0.0, "MagBoard 0 DAC 1": 0.0, "MagBoard 0 DAC 10": 4618.0, "MagBoard 0 DAC 11": 3956.0, "MagBoard 0 DAC 2": 0.0, "MagBoard 0 DAC 3": 0.0, "MagBoard 0 DAC 4": 60811.0, "MagBoard 0 DAC 5": 3662.0, "MagBoard 0 DAC 6": 58708.0, "MagBoard 0 DAC 7": 2596.0, "MagBoard 0 DAC 8": 58430.0, "MagBoard 0 DAC 9": 63264.0, "MagBoard 0 Relay": 336.0, "MagBoard 1 DAC 0": 0.0, "MagBoard 1 DAC 1": 0.0, "MagBoard 1 DAC 10": 53939.0, "MagBoard 1 DAC 11": 6600.0, "MagBoard 1 DAC 2": 0.0, "MagBoard 1 DAC 3": 0.0, "MagBoard 1 DAC 4": 9901.0, "MagBoard 1 DAC 5": 60086.0, "MagBoard 1 DAC 6": 52591.0, "MagBoard 1 DAC 7": 7564.0, "MagBoard 1 DAC 8": 53756.0, "MagBoard 1 DAC 9": 6804.0, "MagBoard 1 Relay": 336.0}}, "valid_rows": 256}, "hardware_source": {"hardware_source_id": "superscan", "hardware_source_name": "SuperScan", "exposure": 8.323072, "frame_index": 0, "channel_id": "a", "channel_name": "HAADF", "pixel_time_us": 127.0, "line_time_us": 32766.0, "valid_rows": 256, "channel_index": 0, "reference_key": "superscan_a"}}, "properties": {"hardware_source_id": "superscan", "hardware_source_name": "SuperScan", "exposure": 8.323072, "frame_index": 0, "channel_id": "a", "channel_name": "HAADF", "pixel_time_us": 127.0, "line_time_us": 32766.0, "valid_rows": 256, "channel_index": 0, "reference_key": "superscan_a"}, "title": "Tube_2_Rec7_ref", "source_file_path": null, "datetime_modified": {"local_datetime": "2022-04-06T16:17:48.821060", "tz": "-0500", "dst": "+00", "timezone": "America/New_York"}, "datetime_original": {"local_datetime": "2022-04-06T16:17:48.821060", "tz": "-0500", "dst": "+00", "timezone": "America/New_York"}, "uuid": "754c0f85-80fc-4d53-8ed9-561d093232a2"}