{"version": 1, "reader_version": 1, "large_format": false, "spatial_calibrations": [{"offset": -128.0, "scale": 1.0, "units": "nm"}, {"offset": -128.0, "scale": 1.0, "units": "nm"}], "intensity_calibration": {"offset": 0.0, "scale": 1.0, "units": ""}, "collection_dimension_count": 0, "datum_dimension_count": 2, "metadata": {"instrument": {"high_tension": 60000.0, "defocus": -5.26674098448846e-06, "ImageScanned": {"C1 ConstW": 0.342, "EHT": 60000.0, "PMTBF_gain": 32000.0, "PMTDF_gain": 655360000.0, "S_EELS": 4.0, "StageOutA": 0.0, "StageOutB": 3.75593255001e-312, "StageOutX": -2.10585678635779e-05, "StageOutY": -0.0002713962366448726, "StageOutZ": -0.00037101459035996417, "C10": -5.26674098448846e-06, "C12.a": 5.437020254523259e-08, "C12.b": 3.389146014336394e-08, "C21.a": -6.838179785906929e-07, "C21.b": 1.6436289219294665e-07, "C23.a": 2.793091532635205e-08, "C23.b": 1.7759534697187227e-07, "C30": 3.8760872884876475e-05, "C32.a": -5.49365948615893e-06, "C32.b": -1.3452721284007716e-05, "C34.a": 1.5880522181265075e-06, "C34.b": -2.0724355108639177e-05, "C41.a": 0.00013498742968908692, "C41.b": 8.861270631562574e-05, "C43.a": -4.308399355425149e-05, "C43.b": 0.00018212486470877846, "C45.a": -0.00010400375725608286, "C45.b": -9.050548028402894e-06, "C50": 0.001255200679287367, "C52.a": -0.002250705750346667, "C52.b": -0.00396597162847591, "C54.a": -0.0044556585303283935, "C54.b": -0.0007693371105182429, "C56.a": -0.004407935528987914, "C56.b": -0.0002297586632186491, "microscope_id": 77.0}}, "scan": {"hardware_source_id": "superscan", "hardware_source_name": "SuperScan", "scan_id": "e8386a94-028d-4339-ae14-92a3335aa0c8", "center_x_nm": 0.0, "center_y_nm": 0.0, "fov_nm": 256.0, "rotation": 0.8203047484373349, "rotation_deg": 47.0, "scan_context_size": [256, 256], "subscan_fractional_size": [0.8275862068965516, 0.27969348659003823], "scan_size": [171.0, 58.0], "subscan_fractional_center": [0.45498084291187735, 0.5775862068965515], "scan_device_parameters": {"size": [256, 256], "center_nm": [0.0, 0.0], "pixel_time_us": 7500, "fov_nm": 256.0, "rotation_rad": 0.8203047484373349, "external_clock_wait_time_ms": 20000, "external_clock_mode": 1, "external_scan_mode": 0, "external_scan_ratio": 1.0, "ac_line_sync": false, "ac_frame_sync": false, "flyback_time_us": 30, "subscan_pixel_size": [171, 58], "subscan_fractional_size": [0.8275862068965516, 0.27969348659003823], "subscan_fractional_center": [0.45498084291187735, 0.5775862068965515], "channel_modifier": "subscan", "top_left_override": [0, 0], "data_shape_override": [171, 58], "state_override": "complete", "section_rect": [[0, 0], [171, 58]], "scan_id": "5511e7e0-0b6b-4fdd-b01a-45c993a1a5ee"}, "scan_device_properties": {"ac_line_sync": 2.0, "calibration_style": "space", "center_x_nm": 0.0, "center_y_nm": 0.0, "flyback_time_us": 14800.0, "fov_nm": 211.862075805664, "line_time_us": 444000.0, "pixel_time_us": 7400.0, "pixels_x": 58.0, "pixels_y": 171.0, "requested_pixel_time_us": 7499.99983236194, "rotation_deg": 47.0, "rotation_rad": 0.820304748437335, "mag_boards": {"MagBoard 0 DAC 0": 0.0, "MagBoard 0 DAC 1": 0.0, "MagBoard 0 DAC 10": 5800.0, "MagBoard 0 DAC 11": 750.0, "MagBoard 0 DAC 2": 0.0, "MagBoard 0 DAC 3": 0.0, "MagBoard 0 DAC 4": 59542.0, "MagBoard 0 DAC 5": 759.0, "MagBoard 0 DAC 6": 64311.0, "MagBoard 0 DAC 7": 3319.0, "MagBoard 0 DAC 8": 64221.0, "MagBoard 0 DAC 9": 62531.0, "MagBoard 0 Relay": 336.0, "MagBoard 1 DAC 0": 0.0, "MagBoard 1 DAC 1": 0.0, "MagBoard 1 DAC 10": 468.0, "MagBoard 1 DAC 11": 65172.0, "MagBoard 1 DAC 2": 0.0, "MagBoard 1 DAC 3": 0.0, "MagBoard 1 DAC 4": 64773.0, "MagBoard 1 DAC 5": 579.0, "MagBoard 1 DAC 6": 53047.0, "MagBoard 1 DAC 7": 7210.0, "MagBoard 1 DAC 8": 54497.0, "MagBoard 1 DAC 9": 6242.0, "MagBoard 1 Relay": 336.0}}, "valid_rows": 2}, "hardware_source": {"hardware_source_id": "superscan", "hardware_source_name": "SuperScan", "exposure": 73.3932, "frame_index": 0, "channel_id": "a_subscan", "channel_name": "HAADF SubScan", "pixel_time_us": 7400.0, "line_time_us": 444000.0, "valid_rows": 2, "channel_index": 4, "reference_key": "superscan_a_subscan", "view_id": "550f1215-c026-4839-a208-47a3653373b4"}}, "properties": {"hardware_source_id": "superscan", "hardware_source_name": "SuperScan", "exposure": 73.3932, "frame_index": 0, "channel_id": "a_subscan", "channel_name": "HAADF SubScan", "pixel_time_us": 7400.0, "line_time_us": 444000.0, "valid_rows": 2, "channel_index": 4, "reference_key": "superscan_a_subscan", "view_id": "550f1215-c026-4839-a208-47a3653373b4"}, "title": "Cryo_Tube3_SI1_Z", "source_file_path": null, "datetime_modified": {"local_datetime": "2022-09-28T16:41:47.705907", "tz": "-0400", "dst": "+60", "timezone": "America/New_York"}, "datetime_original": {"local_datetime": "2022-09-28T16:41:47.705907", "tz": "-0400", "dst": "+60", "timezone": "America/New_York"}, "uuid": "f0a33cd5-c172-491e-b44a-bf8b90fda179"}