{"version": 1, "reader_version": 1, "large_format": false, "spatial_calibrations": [{"offset": -128.0, "scale": 1.0, "units": "nm"}, {"offset": -128.0, "scale": 1.0, "units": "nm"}], "intensity_calibration": {"offset": 0.0, "scale": 1.0, "units": ""}, "collection_dimension_count": 0, "datum_dimension_count": 2, "metadata": {"instrument": {"high_tension": 60000.0, "defocus": 9.984423227971454e-06, "ImageScanned": {"C1 ConstW": 0.342, "EHT": 60000.0, "PMTBF_gain": 32000.0, "PMTDF_gain": 10000.0, "S_EELS": 4.0, "StageOutA": 2.556559198466814e-08, "StageOutB": 3.39519326564e-313, "StageOutX": 0.0004276675793946604, "StageOutY": 6.677019252378301e-05, "StageOutZ": -0.0003252913998676367, "C10": 9.984423227971454e-06, "C12.a": 3.1876302017588364e-09, "C12.b": 2.911888724716214e-08, "C21.a": 5.3548225642068556e-08, "C21.b": 2.5576247280106556e-08, "C23.a": -4.385519928875123e-08, "C23.b": 2.2033824957767253e-08, "C30": 3.6359060671010224e-05, "C32.a": -5.070825726968482e-07, "C32.b": -1.377566467972889e-05, "C34.a": 4.713353069754845e-06, "C34.b": -1.77304641607585e-05, "C41.a": 0.00013498742968908692, "C41.b": 8.861270631562574e-05, "C43.a": -4.308399355425149e-05, "C43.b": 0.00018212486470877846, "C45.a": -0.00010400375725608286, "C45.b": -9.050548028402894e-06, "C50": 0.001255200679287367, "C52.a": -0.002250705750346667, "C52.b": -0.00396597162847591, "C54.a": -0.0044556585303283935, "C54.b": -0.0007693371105182429, "C56.a": -0.004407935528987914, "C56.b": -0.0002297586632186491, "microscope_id": 77.0}}, "scan": {"hardware_source_id": "superscan", "hardware_source_name": "SuperScan", "scan_id": "dd979e53-c6bb-4b56-b6e6-65cdc10b0cec", "center_x_nm": 0.0, "center_y_nm": 0.0, "fov_nm": 256.0, "rotation": 1.9547687622336491, "rotation_deg": 112.0, "scan_context_size": [256, 256], "subscan_fractional_size": [0.8505665944117559, 0.35103887106821197], "scan_size": [181.0, 75.0], "subscan_fractional_center": [0.5027740721136273, 0.5990476828429075], "scan_device_parameters": {"size": [256, 256], "center_nm": [0.0, 0.0], "pixel_time_us": 15000, "fov_nm": 256.0, "rotation_rad": 1.9547687622336491, "external_clock_wait_time_ms": 20000, "external_clock_mode": 1, "external_scan_mode": 0, "external_scan_ratio": 1.0, "ac_line_sync": false, "ac_frame_sync": false, "flyback_time_us": 30, "subscan_pixel_size": [181, 75], "subscan_fractional_size": [0.8505665944117559, 0.35103887106821197], "subscan_fractional_center": [0.5027740721136273, 0.5990476828429075], "channel_modifier": "subscan", "top_left_override": [0, 0], "data_shape_override": [181, 75], "state_override": "complete", "section_rect": [[0, 0], [181, 75]], "scan_id": "bcd7a7d6-b15c-4ead-95de-025ccf417168"}, "scan_device_properties": {"ac_line_sync": 2.0, "calibration_style": "space", "center_x_nm": 0.0, "center_y_nm": 0.0, "flyback_time_us": 29800.0, "fov_nm": 217.745040893555, "line_time_us": 1147300.0, "pixel_time_us": 14900.0, "pixels_x": 75.0, "pixels_y": 181.0, "requested_pixel_time_us": 14999.9996647239, "rotation_deg": 112.0, "rotation_rad": 1.95476876223365, "mag_boards": {"MagBoard 0 DAC 0": 0.0, "MagBoard 0 DAC 1": 0.0, "MagBoard 0 DAC 10": 3561.0, "MagBoard 0 DAC 11": 62845.0, "MagBoard 0 DAC 2": 0.0, "MagBoard 0 DAC 3": 0.0, "MagBoard 0 DAC 4": 61811.0, "MagBoard 0 DAC 5": 63134.0, "MagBoard 0 DAC 6": 4739.0, "MagBoard 0 DAC 7": 2082.0, "MagBoard 0 DAC 8": 4877.0, "MagBoard 0 DAC 9": 63578.0, "MagBoard 0 Relay": 336.0, "MagBoard 1 DAC 0": 0.0, "MagBoard 1 DAC 1": 0.0, "MagBoard 1 DAC 10": 11572.0, "MagBoard 1 DAC 11": 58903.0, "MagBoard 1 DAC 2": 0.0, "MagBoard 1 DAC 3": 0.0, "MagBoard 1 DAC 4": 51489.0, "MagBoard 1 DAC 5": 9324.0, "MagBoard 1 DAC 6": 60812.0, "MagBoard 1 DAC 7": 2847.0, "MagBoard 1 DAC 8": 59983.0, "MagBoard 1 DAC 9": 3566.0, "MagBoard 1 Relay": 336.0}}, "valid_rows": 1}, "hardware_source": {"hardware_source_id": "superscan", "hardware_source_name": "SuperScan", "exposure": 202.2675, "frame_index": 0, "channel_id": "a_subscan", "channel_name": "HAADF SubScan", "pixel_time_us": 14900.0, "line_time_us": 1147300.0, "valid_rows": 1, "channel_index": 4, "reference_key": "superscan_a_subscan", "view_id": "329be871-6dc5-442c-98d7-301715b1c169"}}, "properties": {"hardware_source_id": "superscan", "hardware_source_name": "SuperScan", "exposure": 202.2675, "frame_index": 0, "channel_id": "a_subscan", "channel_name": "HAADF SubScan", "pixel_time_us": 14900.0, "line_time_us": 1147300.0, "valid_rows": 1, "channel_index": 4, "reference_key": "superscan_a_subscan", "view_id": "329be871-6dc5-442c-98d7-301715b1c169"}, "title": "Cryo_Tube6_Pos2_SI1_Z", "source_file_path": null, "datetime_modified": {"local_datetime": "2022-12-20T14:16:24.205506", "tz": "-0400", "dst": "+60", "timezone": "America/New_York"}, "datetime_original": {"local_datetime": "2022-12-20T14:16:24.205506", "tz": "-0400", "dst": "+60", "timezone": "America/New_York"}, "uuid": "2fd1891b-0635-4aa2-a62a-e9551fa1e1bd"}